{
  "project_info": {
    "project_number": "424443987048",
    "project_id": "app-goodplanet",
    "storage_bucket": "app-goodplanet.appspot.com"
  },
  "client": [
    {
      "client_info": {
        "mobilesdk_app_id": "1:424443987048:android:7aaa6e481db3bb73a167dd",
        "android_client_info": {
          "package_name": "com.example.goodplanet"
        }
      },
      "oauth_client": [
        {
          "client_id": "424443987048-9lvjmo5c947uqpn78uib0ilmu77n98e4.apps.googleusercontent.com",
          "client_type": 3
        }
      ],
      "api_key": [
        {
          "current_key": "AIzaSyDDoALrC_R9S-CkeWr3MLCoOmjSAkkMSxw"
        }
      ],
      "services": {
        "appinvite_service": {
          "other_platform_oauth_client": [
            {
              "client_id": "424443987048-9lvjmo5c947uqpn78uib0ilmu77n98e4.apps.googleusercontent.com",
              "client_type": 3
            }
          ]
        }
      }
    }
  ],
  "configuration_version": "1"
}